"job.id","T_0","T_0.1","T_0.2","T_0.3","T_0.4","T_0.5","T_0.6","T_0.7","T_0.8","T_0.9","T_1"
1,0,0,0,0,0,0.348157612325079,0.693001995683644,0.952889061899554,1.07575642391339,1.07544157345093,1.00332351028006
2,0,0,0,0,0,0.38348070307909,0.833321509774877,1.15409162946758,1.23941787635346,1.17572598165877,1.09234606118321
3,0,0,0,0,0,0,0.714957179882425,0.948048850091029,1.30971527647604,0.90594591789916,0.838948301772915
4,0,0,0,0,0,0.384357317585653,0.837889671232925,1.16058967261493,1.24394352963963,1.17786745186199,1.09380931938858
5,0,0,0,0,0,0.256974760360767,0.550360779347095,0.827829248047255,1.02195006524675,1.08967471543464,1.04134591086333
6,0,0,0,0,0,0,0.446523325092588,0.869252396066658,1.11247296329128,1.15077680101243,1.07300336236376
7,0,0,0,0,0,0,0.473785630736333,0.82567945861469,1.25745697778689,1.23841957191013,0.908933938631234
8,0,0,0,0,0,0,0.442835935422833,0.870852675875185,1.11524629200337,1.15230960540575,1.07376837495461
9,1.11314614413143,1.10243232623157,1.07017371206076,1.06382895505085,1.16234049796544,1.38332539415809,1.65481491853397,1.90244579614809,2.07940637528815,2.16379959933168,2.17472461758564
10,1.1078512107353,1.08464899026494,0.998201375248095,0.892736879184897,0.957178294522308,1.26699269174217,1.65792588498499,1.98284670460713,2.17023316538161,2.21715232802352,2.19109557905469
11,1.16738683975049,1.09124861764239,1.17665387259637,0.9076252523122,0.777403853596025,1.51987125754225,1.65368158566072,1.89804625302241,2.30429285098654,2.24991019758257,2.12633049761703
12,1.10828917480807,1.08468239459119,0.996539019893109,0.887278969964157,0.949893535981836,1.26295462250112,1.65850705814781,1.98609290790433,2.17334261551504,2.21880323061972,2.19175495977363
13,0,0,0,0,0,0,0,0.26101879694771,0.49626687995002,0.691477542116923,0.828848051713056
14,0,0,0,0,0,0,0,0,0.422342668672534,0.683236872548294,0.821182118431284
15,0,0,0,0,0,0,0,0,0,0.460609258357205,0.910568206602998
16,0,0,0,0,0,0,0,0,0.42223149853003,0.684531848833961,0.822488607627471
17,0,0,0,0,0.330916462726013,0.666827838065,0.971571927584455,1.19282404475615,1.29985180625956,1.31190751274638,1.26255343731026
18,0,0,0,0,0,0.525390297853493,0.97928698422662,1.26337740814483,1.34666830907607,1.31304877995685,1.23989732250912
19,0,0,0,0,0,0.54319065704638,1.01607521113429,1.30168422252538,1.37395311240329,1.29483359491493,1.17026716080186
20,0,0,0,0,0,0.521849557344762,0.980989855548139,1.26695872707349,1.34897197144542,1.31387614429719,1.24041246960811
21,-0.666578047827319,-0.671784513967215,-0.639529630509797,-0.547401510001524,-0.358808344381097,0,0.288313657955114,0.685714618450163,0.938721477543163,1.05087317703247,1.07797068784072
22,-0.646456346984404,-0.675327503301693,-0.682531303248711,-0.641838242603497,-0.475285069077894,0,0.234548398770406,0.817989695578327,1.07441279736815,1.11904876779627,1.09359880256343
23,-0.442551558445003,-0.529118759809307,-0.525492769958672,-0.396787229716806,-0.177823134214878,0,0,0.899111246664914,0.897921129478492,1.07026621131581,0.923027492307664
24,-0.646892787987923,-0.67612622984537,-0.684648104916188,-0.646224025658045,-0.481242748896066,0,0.234659536317535,0.823563993299808,1.07915997560328,1.12128503989466,1.09451615181491
25,0,0,0,0,0,0,0,0.490283915192392,0.768784990077552,0.866849901678478,0.822997363936374
26,0,0,0,0,0,0,0,0.571130732697074,0.898002410504451,0.954573507335192,0.887197835106452
27,0,0,0,0,0,0,0,0.753278925146166,0.797113658214251,0.984677641972735,0.70660575220339
28,0,0,0,0,0,0,0,0.56119972888287,0.893058935693885,0.948771281066416,0.879299291735704
29,0.627259633841969,0.685028626123701,0.743967203953578,0.802972898608469,0.870451912035864,0.981216463090898,1.14545627407315,1.31754780690057,1.44768117673879,1.52413182285716,1.56035189701793
30,0.601394764683625,0.651791080233585,0.707230601416012,0.751404421623046,0.78643431903138,0.898277330479809,1.12492194669799,1.36172063842868,1.50604910426737,1.5644317192311,1.58330357086325
31,0.547712138905922,0.697936741868563,0.677987596575756,0.901189730590769,0.807260998794208,0.769809219978221,1.22782925951709,1.34537894044339,1.55147876519249,1.53437639702056,1.62574440631833
32,0.601140799329649,0.651181375252891,0.706349136411139,0.749827761905382,0.783446984291385,0.895241555007179,1.12433976934058,1.36347112955011,1.5079898934249,1.56559498402894,1.5839412220488
33,0.641502580060922,0.699913071271307,0.800226449175973,0.931760322570561,1.04089705379162,1.10782585080141,1.1753926041025,1.28683108424428,1.43638733899199,1.5822579176662,1.68452186149974
34,0.608023415447579,0.639077384666591,0.739744439013778,0.916859302010253,1.05453094445861,1.08629181546393,1.11679539600941,1.25171252824871,1.45757054005364,1.6338605345647,1.73384431262974
35,0.667675858687262,0.568330609242681,0.652342956841659,1.04529366509079,1.12237858551917,1.14476111417666,0.961009225647356,1.37208555712719,1.26192817028637,1.80579782342374,1.80288434193885
36,0.607528389664472,0.637713669544914,0.73807495256127,0.916498477296367,1.05520393085698,1.0855810171535,1.11467920915927,1.25059718996852,1.45833734382083,1.63529511665051,1.73503632471944
37,1.16218108248222,1.14675023160646,1.09768970105045,1.05814077335765,1.10313312713441,1.27039516881566,1.51450199027972,1.74396543723212,1.87644850642279,1.88798229440954,1.81989375569417
38,1.17238665451332,1.15192228285123,1.05960583078754,0.925904635716183,0.912851527756475,1.14068900554343,1.51731958264675,1.84803435847411,1.98040725389164,1.92969603775946,1.81321615188464
39,1.15895164140395,1.25714227723477,1.11135530992488,0.97296193919055,0.813945680697757,1.22680504241774,1.51085281946389,1.84625804779935,2.09910975647982,2.04144987625357,1.56498478659676
40,1.16689319702344,1.1470159021672,1.05266281794904,0.913874856795512,0.897513902729576,1.12893029195413,1.51250717333363,1.84799333269752,1.98048135759362,1.92772340704984,1.80929578400524
41,0,0,0,0,0,0.40777885484302,0.86680754130976,1.27000321130925,1.55172787694589,1.69797923526769,1.72483029059784
42,0,0,0,0,0,0.413645999685468,0.98795285843597,1.48769050260171,1.77660381441811,1.88313468070559,1.90078370868122
43,0,0,0,0,0,0,0.94881108332824,1.35507005196283,1.70202736786145,1.81406510821454,1.80400883293088
44,0,0,0,0,0,0.405718361365569,0.987358764370741,1.49177622449776,1.78076588884312,1.88551540222374,1.90196216799184
45,0.499901935883723,0.521980213302848,0.523806793326802,0.536711670937917,0.615552118100846,0.798042118502664,1.05122475797397,1.28716126408817,1.43597327776252,1.49600825044062,1.50615713495108
46,0.473649680933971,0.488840244957484,0.453712029879111,0.387794798245749,0.417876994151841,0.664116936058697,1.04753971483784,1.37467042723184,1.52049260332578,1.53599134551963,1.51560244996414
47,0,0,0,0,0,0,0.611777008350905,1.08601679241176,1.27437372060991,1.14516288663024,1.19064501096187
48,0.474011674098046,0.488761097332687,0.452430772406207,0.383511186636477,0.411180947916845,0.659569562561755,1.04794650786561,1.37820894737933,1.52342712866986,1.53731224481407,1.51614098029785
49,0.871935206995085,0.854093190719916,0.811227723953722,0.785931429186317,0.834899543051809,0.964999328504851,1.12220755243411,1.24487350223784,1.31447362054296,1.3578132782275,1.39751300510578
50,0.884863761703492,0.86066646495485,0.778942051691751,0.684833091892206,0.713957063753397,0.908317045263949,1.14707512814633,1.29888902664819,1.34889074295369,1.37529904289711,1.4145594179274
51,0.86995481481715,0.94730046628444,0.838076212081845,0.615738248897116,0.684802034276326,0.962399691421211,1.14589785220786,1.38472897004991,1.33374346755728,1.22681956328596,1.56941425312977
52,0.885134104216619,0.860846499279206,0.777949653760799,0.681206422601869,0.709241205144625,0.90603516997985,1.14801435698316,1.30082046139463,1.34997014729858,1.37576861591056,1.41493642009245
53,0,0,0,0,0,0,0.325433056049525,0.614126073560569,0.790953882736608,0.858395416613455,0.83781394476787
54,0,0,0,0,0,0,0.263798353561209,0.70001585883155,0.900102317474944,0.941815123915584,0.920123305869684
55,0,0,0,0,0,0,0,0.902473588745438,0.73437153608541,0.892405217138285,0.839183603059005
56,0,0,0,0,0,0,0.259278769803482,0.701464206033821,0.902178721620855,0.942802288168857,0.920659858135986
57,-0.68289567637332,-0.800660044405502,-0.875532063244624,-0.908684299247404,-0.876464247691548,-0.743747219991513,-0.513441191315568,-0.240147583950079,0,0,0
58,-0.648382808801527,-0.770797411826035,-0.871196335728,-0.950157702487631,-0.957209798786117,-0.792477773690012,-0.432709798142445,0,0,0,0
59,0,0,0,0,0,0,0,0,0,0,0
60,-0.655838271780038,-0.776258673863062,-0.877037537950746,-0.957893046677778,-0.967064994150137,-0.802455306743321,-0.441452763501353,0,0,0,0
61,0,0,0,0,0,0,0,0.34447004280832,0.59020875198437,0.624764818309195,0.499419561292703
62,0,0,0,0,0,0,0,0.336888831313502,0.674921434642036,0.647271359929245,0.458137690304862
63,0,0,0,0,0,0,0,0,0.525196531808235,0,0
64,0,0,0,0,0,0,0,0.33884913013887,0.678722506451747,0.648887707223604,0.459092406592912
65,0,0,0,0,0,0.332520595891407,0.669687278391607,0.938171013190613,1.08188887439357,1.11458477705934,1.08261118446035
66,0,0,0,0,0,0,0.606597014113428,1.00257296635221,1.1381713926931,1.11632597706434,1.04758741410684
67,0,0,0,0,0,0,0.675601334608286,1.08834268949053,1.18619132767034,1.07058806125135,0.995288909974603
68,0,0,0,0,0,0,0.606635586990173,1.00646683965291,1.14109724895817,1.11744697063265,1.04820823730469
69,-0.204287243869814,-0.148851095895368,0,0,0,0,0.354458884970333,0.567470471901649,0.664331710252804,0.675898999000662,0.616619335779687
70,-0.484534346655665,-0.407801022483859,-0.243993500986164,0,0,0.166074125490456,0.550352476183807,0.764153713783111,0.822217213482505,0.804111782613203,0.76794922747637
71,0,0,0,0,0,0,0,0,0,0,0
72,-0.485823947193906,-0.40934796553106,-0.245511151232341,0,0,0.164578979120887,0.552986814679808,0.767673501841936,0.824285677047506,0.804846904238126,0.768262927339692
73,0.959029935362074,0.979864058008361,1.00116108106352,1.02554964042298,1.03735988596314,1.04486361428336,1.09330484677223,1.20510502157556,1.35430786524332,1.50028325930251,1.61397208809115
74,0.96064920143288,0.972073256423744,0.991504954735979,1.02180902385934,1.01703356685768,0.977673568699078,1.01063007374256,1.16866741495374,1.37796657647882,1.55318851338747,1.66981779620772
75,0.93212239499103,1.01458267093306,0.906834729840647,1.0346975333181,1.17244659519392,0.887635164088878,0.979903507317072,1.18273882160687,1.34249068327868,1.51893304308244,1.85096102536401
76,0.960720901370293,0.971896316537576,0.991240125788042,1.02171754819875,1.01629252460278,0.975068825444154,1.00749681001228,1.16742035822532,1.37873190218474,1.55458557459819,1.67108444946192
77,0,0,0,0,0,0,0.313843529981071,0.486098383762578,0.52937175042719,0.476009345235662,0.330507266437947
78,0,0,0,0,0,0,0.434372480625476,0.634839562636465,0.639290176356644,0.553366742683021,0.432108691079431
79,0,0,0,0,0,0,0.471589187129459,0.403121422111938,0.478809767765698,0.477868524988148,0
80,0,0,0,0,0,0,0.436734736937078,0.638365487855899,0.641139115245028,0.553852281393477,0.43262400343795
81,0,0,0,0,0,0,0.338964891107103,0.714481386838863,0.89325467409979,0.883306596580764,0.724019370103909
82,0.400202643632487,0.412524510155893,0.294762384044437,0,0,0,0.521654785689122,1.02130937950188,1.18996792278421,1.13499256992781,1.03312949768082
83,0,0,0,0,0,0,0,1.06831013688861,1.02352425445907,0.744761386259642,0.649579924128649
84,0.401581624014827,0.413307964220781,0.294023099045899,0,0,0,0.518361086883912,1.02500865307947,1.19344778520711,1.13624486962939,1.03367212769585
85,0.586805607901659,0.568934021838521,0.539454674268308,0.494174473514957,0.450607125974169,0.457510781652157,0.535515512261259,0.627016869635077,0.655045074625638,0.620403519661622,0.574273807040292
86,0.594904131638288,0.578587276877123,0.547109231109474,0.47279838183473,0.370720854144524,0.361717227027598,0.511848028222728,0.678224487849116,0.697517152298302,0.620816938399114,0.558218644998826
87,0,0,0,0,0,0,0,0.344367582142278,0.298002073393804,0,0
88,0.59458852223364,0.578397477026064,0.546846044316556,0.471372269526333,0.366697607097298,0.356932270874288,0.510254206408557,0.679598409496355,0.698443939982568,0.620416258924585,0.557321834750384
89,0,0,0,0,0,0,0.244502665727979,0.529291124497534,0.687450259767459,0.724889389843787,0.660862456316876
90,0.376919897842801,0.256295417790698,0,0,0,0,0.426863393223446,0.749589400498267,0.892015598603009,0.893352435049884,0.847338467681486
91,0,0,0,0,0,0,0,0.300356181033075,0.707376607459553,0.49769762157077,0.386507433720184
92,0.378122569115638,0.257063794118686,0,0,0,0,0.426417337109651,0.752705998488811,0.894800307636101,0.894543015010168,0.847671499107803
93,0,0,0,0,0,0,0.49663348977823,0.943395358595443,1.21823442183811,1.30664163651323,1.2731297153628
94,0,0,0,0,0,0,0.60305841404883,1.18711200130475,1.46822862849815,1.48688369220381,1.43716037492873
95,0,0,0,0,0,0,0,1.16116970889518,1.44184504110585,1.10840617114788,1.20374553530246
96,0,0,0,0,0,0,0.603780869527625,1.19342222189353,1.47423348146164,1.49009878095957,1.43913127104826
97,-0.70962051768953,-0.797562301571179,-0.831398271321468,-0.788422993974466,-0.620553546254924,-0.300702950119492,0,0,0,0,0
98,-0.692841390341754,-0.778563860677083,-0.850368560275906,-0.859875334825017,-0.678382113800074,-0.205471743513796,0,0,0,0,0
99,-0.441876831349807,-0.480101866901782,-0.658645342348057,-0.712272662504968,-0.509706535988456,0,0,0,0,0,0
100,-0.683515426452652,-0.770690016911224,-0.843666433931005,-0.854457906229487,-0.670746318651542,-0.185959201825302,0,0,0,0,0
101,0,0,0,0,0.371465251189565,0.732763373110982,1.0355300435294,1.23959732620838,1.33183434315603,1.34402768422071,1.31293468687134
102,0,0,0,0,0,0.580911802733773,1.0267893990445,1.2739566008157,1.33248004417598,1.30013133865253,1.23995571809042
103,0,0,0,0,0,0.630844288800176,1.04873149267606,1.28955196193256,1.35793419987135,1.21931143169436,1.22298631923723
104,0,0,0,0,0,0.593760455792034,1.0395085019293,1.28545460066806,1.34128359420264,1.3074167257406,1.24847184194188
105,0,0,0,0,0,0,0.516562407836801,0.940092654329581,1.19963343271192,1.31671148770309,1.32623470894362
106,0,0,0,0,0,0,0.414616821695196,1.02245624346913,1.29942829063078,1.37307888413708,1.35387663222774
107,0,0,0,0,0,0,0.442997538884388,1.10074692908609,1.2135736336748,1.34245990601768,1.31647934378022
108,0,0,0,0,0,0,0.412559808024115,1.0264215944556,1.30319616547387,1.37512603666044,1.35528550818144
109,0,0,0,0,0,0,0,0.309031345488851,0.536037402276838,0.61659536768296,0.589723815440356
110,0,0,0,0,0,0,0,0.252080310003262,0.57573958830984,0.622228785471236,0.546488310362604
111,0,0,0,0,0,0,0,0.428319331406858,0.616614991549354,0.615370873817238,0.379934880886682
112,0,0,0,0,0,0,0,0.253342878573804,0.578585262941819,0.6237147277444,0.547407698475985
113,1.43616584734273,1.50938237868478,1.52424090280291,1.45133563481011,1.3292443437356,1.26091270076284,1.32545531649275,1.4971955295336,1.67655225524364,1.79521308533862,1.8502525917954
114,1.41867104009236,1.52607447135814,1.57965494663333,1.47676322784329,1.23277662401814,1.06596468421376,1.16979807524967,1.47089807461686,1.73071627074956,1.85023992357873,1.88303714292548
115,1.21374690428021,1.60470201195517,1.71704285149039,1.51071849825426,1.30962809398506,0.98777776766163,1.11640424832514,1.5703798528202,1.79603130767351,1.86896813605181,1.91389236904859
116,1.41781619800934,1.52608413823077,1.5809556763597,1.47721442204539,1.22848677549921,1.05762111629637,1.16320530711852,1.46951131185173,1.73202268181338,1.85132657881421,1.88341911981106
117,0,0,0,0.344762374870434,0.63295321667621,0.850768955581379,1.00958527498373,1.12896709055721,1.20648842192732,1.21618428218131,1.14042931709419
118,0,0,0,0.371157496429715,0.704327856273429,0.942430487317422,1.09882783739916,1.223128199445,1.30613660250532,1.30815322369315,1.24833980362606
119,0,0,0,0.623769226194847,0.698619311161971,1.06023200852561,1.1241123778479,1.09748965989954,1.46242509709434,1.38246501813396,1.15466184144062
120,0,0,0,0.367545752345183,0.703379959702832,0.942967513338266,1.09967497364818,1.22429836640053,1.30734734949861,1.30878356394212,1.24862026525649
121,0,0,0,0,0.133013185668462,0.380454176899355,0.679675864108113,0.975428544266086,1.22458993210237,1.40106985407437,1.47349027409861
122,0,0,0,0,0,0.242013462637334,0.65034840310593,1.04681840695622,1.35297129704294,1.55012461427764,1.64667633580502
123,0,0,0,0,0,0,0.625784400781564,0.979262802423779,1.18117300852303,1.47691136623173,1.74556324118907
124,0,0,0,0,0,0.232235953849116,0.646017504188409,1.04682548494223,1.35486038247441,1.55218574819325,1.64862664052656
125,-1.13779080238578,-1.20840800553732,-1.25524229719118,-1.296222814179,-1.2948513956241,-1.1803334795854,-0.919208266762249,-0.569743250381302,-0.23371577237966,0,0
126,-1.17053832668911,-1.20198415499035,-1.2381916073862,-1.32107768627432,-1.39828286905442,-1.29864204209801,-0.920348213159948,-0.390283342265044,0,0,0
127,-1.11445468912717,-0.963210035529906,-1.18292879009328,-1.06066427863514,-1.34947076798314,-1.27660933141376,-0.927930907943975,0,0,0,0
128,-1.18092207054928,-1.21006225728412,-1.24619473790692,-1.33098356344415,-1.41146057796465,-1.31321683991727,-0.933024783814934,-0.402856226310831,0,0,0
129,0.559298290267258,0.515928081022689,0.446956066443314,0.393122683052275,0.427469522478759,0.585226975683027,0.792834558915095,0.916802859556193,0.895972376867301,0.791903544127467,0.684212203524138
130,0.441171029935358,0.396936239078099,0.238926294251503,0,0,0.333603592549868,0.774548089640979,0.975604869568775,0.877685484631724,0.682598666224204,0.51916169137352
131,0,0,0,0,0,0,0,0.683703229532692,0,0,0
132,0.442592979393161,0.397486498777354,0.237191746383142,0,0,0.328415998689318,0.777020468731724,0.980185794273914,0.879403465416549,0.682249352738392,0.518947045279473
133,0,0,0,0,0,0,0,0,0,0,0
134,0,0,-0.292884532283587,-0.570801447621072,-0.618713681906683,-0.303012567530095,0,0.251046516361975,0.387531163675756,0.408997715482371,0.414017596246094
135,0,0,0,0,-0.367279371390514,0,0,0,0,0,0
136,0,0,-0.296094471646071,-0.577903917959306,-0.628630281977876,-0.31058202281546,0,0.258292846308281,0.392515541208451,0.412315989082023,0.417247681669895
137,0,0,0,0,0,0,0,0.329850448631866,0.57199493565612,0.718815821757009,0.775020038770543
138,0,0,0,0,0,0,0,0.402508923103367,0.691349427692739,0.828690054091464,0.872564424154657
139,0,0,0,0,0,0,0,0,0,0,0
140,0,0,0,0,0,0,0,0.402902961187377,0.693742257622192,0.830540965236085,0.873658552917076
141,0.583646445375298,0.653313825498296,0.701222404207528,0.707844802005269,0.72751542840234,0.847741230103653,1.04817020115493,1.22321257696367,1.31359950539715,1.34111327288949,1.34353567690699
142,0.551179792395352,0.63143179377934,0.689685358398883,0.64499152694777,0.579185990970652,0.72843602791594,1.05386689664155,1.30252990994955,1.37369259721553,1.36276679845892,1.34751808688802
143,0.318602348769847,0.348562311854237,0.756032269819603,0.7678978219977,0,0.632429251337715,1.01457749791353,1.3596969537783,1.25997524348434,1.24644398821707,1.29274078208589
144,0.551012434079011,0.631304245799217,0.689765919431874,0.643268694294674,0.574047533222292,0.724192876930153,1.05442120605408,1.30563506004776,1.37578647635455,1.36354728558882,1.34784742362627
145,0,0,0,0,0,0,0.328189484164441,0.790717507960292,1.09581100379462,1.26727602471264,1.32420931574065
146,0,0,0,0,0,0,0.19128492485928,0.861820564661139,1.20786200106275,1.35437245491366,1.38784552392083
147,0,0,0,0,0,0,0,0.803784044064166,0.956100519075133,1.28707264187971,1.30780700170734
148,0,0,0,0,0,0,0,0.754030758276016,1.13435786906283,1.29050459366582,1.31446925793587
149,-0.454960967868813,-0.459110088009679,-0.407981546544147,-0.273423882788822,0,0,0.285120091440186,0.508943708705715,0.649446043918029,0.734269160393926,0.782067164880019
150,-0.459301188492243,-0.480991578197715,-0.462047168341431,-0.339915390233555,0,0,0.295168164973523,0.569346224965142,0.700175139709671,0.765762803157543,0.804251643539397
151,0,0,0,0,0,0,0,0,0,0,0
152,-0.454816157802781,-0.477577238738044,-0.45940800898881,-0.336531788066862,0,0,0.28899845784185,0.567540989296298,0.698684107868714,0.763870991838711,0.801802392480328
153,0.602365871511906,0.719085277175475,0.842707872107207,1.00670904980122,1.22979707873065,1.51285766315027,1.80133724781297,2.00136399820282,2.0922122690615,2.13454407563665,2.16609775332412
154,0.550129242321122,0.6400011909772,0.730425964664375,0.870090876606096,1.1131236047953,1.48834178955922,1.89147788230082,2.11613870701174,2.15177334950573,2.156548099352,2.1818376104599
155,0.442679639153472,0.844678192193188,0.689608915171658,1.01403405600302,1.18884243494059,1.29172607822729,2.06852448094266,2.26920880576087,1.98396655681695,2.12298173319558,2.29890039600919
156,0.549654819243092,0.638452652808467,0.72742585650336,0.865661435245677,1.10900553139028,1.48768805339312,1.89522244820964,2.12046016538444,2.15380002189049,2.15728562029811,2.18237648571764
157,0.675841209848734,0.615490107019084,0.527248009417707,0.446778174921798,0.428751947402158,0.503677145590445,0.645834962605759,0.789926606733455,0.88226544269642,0.908555956939314,0.886076966591339
158,0.47782899999346,0.427554943511878,0.239952853263291,0,0,0,0.352223945847935,0.65052945147687,0.78890933930792,0.792505743814328,0.70950928335166
159,0.555803039182206,0.407230648335569,0.283863320502394,0,0,0,0.549141477592907,0.592406475414718,0.793970498498304,0.874903961010096,0.524274107235134
160,0.490978626497218,0.439136893753575,0.252352187559849,0,0,0,0.362335372679079,0.660824689332633,0.798141405836966,0.800847856956769,0.719514173199479
161,0,0,0,0,0,0.477294708577537,0.921324107648204,1.24891085012617,1.38481442315348,1.37195724886305,1.28768477619222
162,0,0,0,0,0,0.491978125108691,1.08724692173887,1.49666423388838,1.57129085838756,1.47648477043074,1.38440428228288
163,0,0,0,0,0,0,1.0014074119706,1.64339380375834,1.52774752314939,1.26494028877833,1.25405765576268
164,0,0,0,0,0,0.487740449349442,1.09061032298988,1.50332949670959,1.57529088455309,1.4775289452836,1.38452918116653
165,0,0,0,0,0.246880955990779,0.44349563740339,0.623555433977064,0.799224941874657,0.931293168774793,0.995766998805273,0.995780007901886
166,0,0,0,0,0,0.208499419790176,0.455259845653385,0.727207027089985,0.908264071635518,0.969479560351211,0.949465008275646
167,0,0,0,0,0,0,0,0.571255658916488,0.714896793703231,0.767166378921979,0.738150634887481
168,0,0,0,0,0,0.204127913596727,0.452563262593092,0.727314458579193,0.909484200600638,0.970463875134099,0.950478508365632
169,0,0,0,0,0,0,0.272656563428375,0.502020881218387,0.629834919018098,0.661638960252468,0.63403515625927
170,0,0,0,0,0,0,0,0.446421955341102,0.610941158993545,0.605417699062221,0.533454465347752
171,0,0,0,0,0,0,0,0.649628674987489,0.590606155841434,0.60065489208366,0.468369052988218
172,0,0,0,0,0,0,0,0.447957545264421,0.612825649976929,0.606158656980307,0.534016327498064
173,0,0,0,0,0,0,0,0,0,0,0
174,-0.581473051453503,-0.557794452154993,-0.531114422630148,-0.540862383923273,-0.530383739298423,-0.355936135941572,0,0.28421952862543,0.502341755227869,0.614335855878143,0.676930988267807
175,0,0,0,0,0,0,0,0,0,0,0.100576598912574
176,-0.581781831062806,-0.558149819435495,-0.531700225079711,-0.54299433547526,-0.53484504284672,-0.359858035526351,0,0.28671597214427,0.505083799193569,0.616098312525522,0.677965762181931
177,0,0,0,0,0,0.296255908568022,0.583643914589697,0.815719594817543,0.959633985253368,1.01132902183815,0.977850338516471
178,0,0,0,0,0,0.330034276343977,0.687282311688966,0.968695164744561,1.10855866403296,1.13595096662596,1.11216912213519
179,0,0,0,0,0,0,0.584878392245992,0.869726393132563,1.01914890483683,1.06181006586427,0.959575296922336
180,0,0,0,0,0,0.333946420502659,0.692245001121734,0.974637249774933,1.11355227657628,1.1396122596516,1.11569488592514
181,0,0,0,0,0,0.219110070961575,0.657326896455663,0.978075024790226,1.13275263881916,1.160799955017,1.13531574950095
182,0,0,0,0,0,0,0.659568715298221,1.10435782345833,1.22241675203711,1.17753635770533,1.11878695454076
183,0,0,0,0,0,0,0.465802745729756,1.29032633685124,1.15337730799386,0.934982773015811,1.07813336440062
184,0,0,0,0,0,0,0.652678481280844,1.10441358888593,1.22145376202659,1.17428470233642,1.11410167499992
185,0,0,0,0,0.232192105015837,0.519570874496714,0.864352813056407,1.18801418554801,1.39788451575658,1.48578472221999,1.49350776722844
186,0,0,0,0,0,0.342222738242807,0.85063286194944,1.30254229823596,1.52188338226665,1.56146398534149,1.54134723924084
187,0,0,0,0,0,0,0.850570640453299,1.31197452684438,1.52384821812918,1.42953198814618,1.48733152689152
188,0,0,0,0,0,0.346626117002473,0.85636739463985,1.31060142375848,1.52874898492154,1.56622264707385,1.54574087826344
189,0,0,0,0,0,0,0.318026403800172,0.751645068393106,1.06768375942925,1.26103323687307,1.33735025981522
190,-0.377245734494389,-0.338219919768828,-0.200414250118489,0,0,0,0.448855140115226,0.945763308380472,1.28127855326094,1.45147092156226,1.52382319812526
191,0,0,0,0,0,0,0,0.708891009969714,1.09360321246185,1.24860064812144,1.46434781406483
192,-0.378460225317868,-0.339422745402183,-0.201485144174837,0,0,0,0.44640887930085,0.948342545018278,1.28491287693192,1.45398818643541,1.5253102379793
193,0,0,0,0,0,0,0.358368469763585,0.761944273928209,1.1180186062459,1.3349432736104,1.41120918082055
194,0,0,0,0,0,0,0,0.719820489221633,1.21748743546536,1.42388482263484,1.44268538375235
195,0,0,0,0,0,0,0,0.756694856450474,1.35626976362781,1.55816122341204,1.37654757339787
196,0,0,0,0,0,0,0,0.720020901545993,1.22152626997257,1.42696561402753,1.44433945382388
197,0.960297019972324,0.99488326957403,1.07487976527951,1.22099653010851,1.40958491749182,1.61801947494145,1.83385425848837,2.02646432692738,2.15161575757859,2.18785005226315,2.1586056526104
198,0.939512456556315,0.932174190973715,0.975431608870923,1.12369030566336,1.34448797452775,1.59370453535182,1.8662191070161,2.10986540467754,2.23516166942534,2.23000860765045,2.16653763032325
199,1.02989391563709,0.917488031657146,0.85620167445429,1.2644961092118,1.42252682160532,1.48529130287994,1.96650269678932,1.95470162300356,2.41072387647086,2.25654500908978,2.03446893393576
200,0.934344528313775,0.926419152784015,0.968177948035247,1.11611216311737,1.33823003200294,1.58949437767019,1.86475611504777,2.11062016873428,2.23586556970658,2.22931479788486,2.16457733911812
201,0,0,0,0,0,0,0.326627122347958,0.62301727347395,0.816692028144714,0.923696271821128,0.962001746285917
202,0,0,0,0,0,0,0,0.548383221757743,0.807339195808621,0.909838104493962,0.931606867542369
203,0.365073512113759,0,0,0,0,0,0.402445853778998,0.912542183945582,0.72277503026378,1.04364101067226,1.08912222893368
204,0,0,0,0,0,0,0,0.548648975235081,0.809027602840207,0.91114863580678,0.932958878169974
205,0.456403751669209,0.522229609944575,0.565365503049729,0.617385881547488,0.733022612463895,0.948473412932358,1.23572109139835,1.50512289087593,1.67108439226875,1.72109960156652,1.70062416599351
206,0,0,0,0,0,0.393520324110305,0.955071504836762,1.40828857189709,1.61045437078016,1.60991886651315,1.5128089012332
207,0,0,0,0,0,0,0.867396695215448,1.32653510206876,1.56440102152594,1.49052238756788,1.25003288451299
208,0,0,0,0,0,0.382074862172493,0.951621266453086,1.41033101019981,1.61307483367408,1.61125999592031,1.51367441902959
209,0,0,0,0,0,0,0,0,0,0,0
210,-0.441417571445757,-0.34358710634764,-0.310504909801304,-0.423031867058972,-0.553893082511152,-0.444491067402569,0,0.322584346632094,0.615928826628789,0.726852394107863,0.753629317760796
211,0,0,0,0,0,0,0,0,0,0,0
212,-0.441771960657092,-0.343093094280823,-0.30942394990821,-0.424402406838207,-0.559936079484915,-0.451175227357068,0,0.325090569604237,0.619504580093914,0.729022495508264,0.754655922571321
213,0,0,0,0,0,0,0,0,0,0,0
214,0,0,0,0,0,0,0.383029461226852,0.64568342012818,0.650513589228444,0.547526904671212,0.48176686491422
215,0,0,0,0,0,0,0,0,0,0,0
216,0,0,0,0,0,0,0.384238818506871,0.649856948839387,0.652830406819041,0.547904700860437,0.481946255770833
217,0.849791005386525,0.798723772649718,0.742938536665919,0.74390947826075,0.857768478744496,1.07779998482705,1.32652271492878,1.49567951022703,1.522415381411,1.44527289800284,1.34541908234429
218,0.855698197136351,0.779791397933517,0.652861712045282,0.564066741858589,0.677176925668685,1.01342534876757,1.40903688239125,1.63648237483425,1.59831729360543,1.43824852553844,1.30567999506005
219,0.973581796217739,0.832709787044884,0.707324486843657,0.510766147555838,0.739920068918311,0.979256952780032,1.43520567671526,1.71108700140816,1.77323577049147,1.27912221319442,1.21354522281013
220,0.856549828200998,0.779968958756046,0.650897305767706,0.558617026918127,0.671110812168945,1.01160132958661,1.4127797503452,1.64196360117873,1.60105309237755,1.43844575485643,1.30527240902284
221,0,0,0,-0.0417263207369865,0,0,0,0,0,0,0
222,0,-0.103214645434117,-0.30085246188305,-0.408355362061288,-0.329494025740495,0,0,0,0,0,0
223,0,0,0,0,0,0,0,0,0,0,0
224,0,-0.101198669623119,-0.299890058464448,-0.409454493801614,-0.330851461461203,0,0,0,0,0,0
225,0,0,0,0,0.176010058199509,0.364725560824018,0.54344506721603,0.686219550205145,0.783549597022142,0.835719182841497,0.816196523271756
226,0,0,0,0,0,0.211554493495345,0.473019925904321,0.671691943007724,0.79876329428134,0.872604925147879,0.881726550908329
227,0,0,0,0,0,0,0.405691910058301,0.594262888315326,0.53009563304452,0.793609587638221,0.810205351956349
228,0,0,0,0,0,0.22626850643944,0.486184100203483,0.683572647787662,0.809135841101095,0.882292288390445,0.893121722734448
229,-0.562784924706081,-0.732339450673588,-0.859585617710138,-0.919093733882073,-0.853315132634203,-0.643496596347171,-0.327248771788446,0,0,0,0
230,-0.62624881161306,-0.758220754554162,-0.923142101963903,-1.06152212253935,-1.02257066059959,-0.728464780949797,-0.234324975566716,0,0,0,0
231,-0.303387601788275,-0.400473061222031,-0.824846423951206,-0.931407998859292,-0.908863126269486,-0.595305470493336,0,0,0,0,0
232,-0.626635794418403,-0.757962003878268,-0.924192743580238,-1.06565967209852,-1.02808844983056,-0.73070499158329,-0.229688187039485,0,0,0,0
233,0,0,-0.0835080666707525,-0.301220265408005,-0.465127396839304,-0.453129289279689,-0.254210857109019,0,0,0,0
234,0,0,0,-0.289600731765306,-0.59994949879956,-0.596056000844952,-0.229328960394323,0,0,0,0
235,0,0,0,0,-0.623788582873328,-0.604350037298338,0,0,0,0,0
236,0,0,0,-0.287887424375013,-0.603561282267646,-0.600067026395907,-0.227126285975006,0,0,0,0
237,-0.696627429702478,-0.801959856857626,-0.907103499366794,-1.01550018568405,-1.01418945704174,-0.78836926259391,-0.331456330585327,0,0,0,0
238,-0.887755857072462,-0.913082906083447,-1.02193399775724,-1.2427747338873,-1.36793134329557,-1.12717232699445,-0.569709805478507,0,0.243997269724309,0.407432715204974,0.465183158295945
239,-0.50968525168418,-0.591971066183249,-0.388093228006071,-0.942747268316693,-1.29769306999975,-0.852092313505293,0,0,0,0,0
240,-0.887345350138712,-0.912211202264394,-1.02182956699153,-1.24716293446936,-1.37759827874829,-1.13555292345142,-0.570759033505861,0,0.248575425731453,0.410255032352817,0.466710885143375
241,-0.535303849220255,-0.657765629911114,-0.765000673748253,-0.860348685462375,-0.87135965607067,-0.726492433005881,-0.417846300062654,0,0,0,0
242,-0.693610707848233,-0.739408161104047,-0.845003392153611,-1.01733155115143,-1.11380592051793,-0.95915405819962,-0.540971286969092,0,0,0,0
243,-0.725100128873219,-0.588812727288353,-0.828243259373125,-0.92177138791003,-1.23784533295323,-0.896995558836883,-0.658308902741496,0,0,0,0
244,-0.695478494560474,-0.740259510573632,-0.846192186765815,-1.02146304208591,-1.12146012788286,-0.966321219582829,-0.543359890287176,0,0,0,0
245,-0.495406290103471,-0.484933724549512,-0.38689210811393,-0.226573652186983,0,0,0,0,0,0,0
246,-0.593059063257272,-0.554846556950195,-0.432359974360507,-0.228853220247123,0,0,0,0,0,0,0
247,0,0,0,0,0,0,0,0,0,0,0
248,-0.595445219931216,-0.55664491333461,-0.433882286434655,-0.229680606433152,0,0,0,0,0,0,0
249,0.457869113585398,0.475234993232963,0.49912060837812,0.547325647686403,0.66531636382853,0.90990570802096,1.2544492467924,1.58000344036293,1.79788766626776,1.90989186611426,1.9527833197686
250,0,0,0,0,0,0.385130635938347,1.0343000899219,1.54434183663217,1.79365434226825,1.86712565963517,1.85430902273729
251,0,0,0,0,0,0,1.14066267135186,1.525855465889,1.5955985618153,1.82366309219352,1.73814794802656
252,0,0,0,0,0,0.373320130655332,1.03181884568741,1.54733810545293,1.79683310129652,1.86897491666283,1.85559433209074
253,0,0,0,0,0,0,0,0,0,0.0367910106391581,0
254,-0.409530732613735,-0.413650456213311,-0.453709197711083,-0.540696053843269,-0.5739335346851,-0.411482225895162,0,0.33132777753215,0.557947253249587,0.627568593778014,0.647901923755815
255,0,0,0,0,0,0,0,0,0,0,0.0527991808763826
256,0,0,0,0,0,0,0,0,0,0,0
257,0.58946622474303,0.562098009291392,0.536652601104655,0.568064888596543,0.711067475162487,0.970793152225831,1.26051273047047,1.43919688104689,1.44364818718514,1.34433182834232,1.23438460047808
258,0.582359173348791,0.523680870914079,0.423998807236634,0.361522625560731,0.506888798552943,0.907854707103966,1.37676234605722,1.60970350394615,1.52079892596749,1.32811582665337,1.18913380394481
259,0.271482502174308,0,0,0,0,0.378011128238173,1.2242371440547,1.62667919384564,1.32550537158012,0.945196940605692,0.792339686700942
260,0.583099895960103,0.52353743098126,0.421557216635746,0.355311428615232,0.500026757594733,0.90611206508118,1.38178955513401,1.61622222629824,1.52355503000913,1.32806393096977,1.18860405543891
261,0.680952712350385,0.74691284380742,0.80055467573573,0.832914105792472,0.864730114971205,0.944522397710535,1.09782461442873,1.27463526524692,1.39008683760026,1.4225380800972,1.40880273536394
262,0.653463741342901,0.722795063022496,0.783337765421624,0.794397548264281,0.773861454187483,0.837353488036517,1.06255230387615,1.33227124580936,1.46131430711768,1.45503961457657,1.41352221865683
263,0.603371997086392,0.651409814918181,0.99847505150509,0.715359144815381,0.924583230641346,0.736840355775466,0.974040109179404,1.48478644954821,1.52398521209434,1.41959164216147,1.37219442960905
264,0.653161985032132,0.722414240792455,0.783042514510714,0.793264318733435,0.770584918073532,0.833342726265323,1.0614010912802,1.33451458292955,1.46366910768423,1.45601777596686,1.41377259147525
265,0,0,0.122788284685824,0.275875728568419,0.446434629961534,0.630826312520979,0.802689443848907,0.927779782487086,0.990152375111062,0.999428874792254,0.96070679078842
266,0,0,0,0,0.193729197526785,0.476786645043829,0.739093420285094,0.91057153946613,0.974902159412872,0.975098519576667,0.935395169790291
267,0,0,0,0,0.200729740367543,0.42118627668675,0.721676860145152,0.916136192185192,0.913980130954871,0.902090114475712,0.890120568795657
268,0,0,0,0,0.206867349585158,0.488317319570072,0.750367688658512,0.921099511823644,0.983884938792267,0.983371435173865,0.945394466701942
269,0,0,0,0,0.441043877957552,0.838473388003781,1.18278186899318,1.42527584321866,1.51710476625164,1.47743071685043,1.36438024007978
270,0,0,0,0,0.426455208007505,0.910366408557448,1.34769684865295,1.62993542909294,1.66711275333235,1.55383563474091,1.42582170110532
271,0,0,0,0,0.287207745792278,0.889600477245008,1.04278293508334,1.74487028983222,1.63854179712895,1.4732749284471,1.16220590720185
272,0,0,0,0,0.42223252518972,0.910727620559697,1.3522476887515,1.63581535794402,1.67054373227074,1.55465862541006,1.42576721505154
273,0,0,0,0,0,0,0.312004430717105,0.613687772619906,0.848995008653458,0.998533387459464,1.05261322576634
274,0,0,0,0,0,0,0.374536599796672,0.746490392153147,1.01110320919504,1.1539539607748,1.21259004833107
275,0,0,0,0,0,0,0.493814465730877,0.685047734541078,1.01465954560562,1.16038079505048,1.27098051069813
276,0,0,0,0,0,0,0.377391485179988,0.750887458245613,1.0157353858196,1.15768661809883,1.21589952155355
277,0,0,0,0,0,0.22164479999446,0.498179009447437,0.774371733703724,0.976483838162972,1.06724999371049,1.06316698708203
278,0,0,0,0,0,0,0.416088034369729,0.830684404855894,1.07759527958695,1.14134461775795,1.11218894755052
279,0,0,0,0,0,0,0.314182446000472,0.783481984042285,1.14809971354475,1.10196676086065,1.00538857548747
280,0,0,0,0,0,0,0.422834269901233,0.838297278924884,1.08467058928485,1.14681748052166,1.11756051922655
281,0.92718330274489,0.914384593271708,0.893220875838043,0.890750192802002,0.953954128049335,1.12524586389643,1.37750280781584,1.60141446191618,1.7056363729033,1.70398765520334,1.66057062378301
282,0.92529932695001,0.899322908554556,0.840396041171836,0.766462485510801,0.776916470071825,1.00100460844891,1.39693120456494,1.71935975455296,1.79703933869242,1.72881950378412,1.65155169658873
283,0.995028147243193,0.902698573644438,0.888062555838124,0.851032240133467,0.788195756637396,0.92621036564243,1.37340945852339,1.9142436635088,1.82437889045317,1.67605239425188,1.58197024517529
284,0.925800763907928,0.899434379815142,0.83933613561898,0.762715711428124,0.770802873867843,0.996684692125066,1.39810566072768,1.72390698260312,1.80015342259536,1.72973883835911,1.65166667391578
285,0,0,0,0,0,0,0.289479254034732,0.521970229486709,0.674170832447168,0.735611953132126,0.685194325537588
286,0,0,0,0,0,0,0.359906816162779,0.642648783725071,0.809579334705764,0.864505376101986,0.831745259752435
287,0,0,0,0,0,0,0,0,0,0.526844193518386,0
288,0,0,0,0,0,0,0.369069797697446,0.651064115552707,0.816894447731308,0.870744795164876,0.838453498008948
289,0,0,0,0,0,0.210203780099932,0.514374212758204,0.813766469080677,1.0617435438781,1.22326083072739,1.25810623504371
290,0,0,0,0,0,0,0.432581693696213,0.861399716616109,1.18240242061669,1.36806494208772,1.42442388159914
291,0,0,0,0,0,0,0.545678213299662,0.805857742276912,1.03336898425532,1.46714067410811,1.4311414628739
292,0,0,0,0,0,0,0.426224750115547,0.860413510408036,1.18389857717812,1.36988334461601,1.42611099140928
293,0.331912433566095,0.387690168684462,0.336444659781734,0.186934138129261,0,0,0.230968218100411,0.580780457988393,0.84201004321196,0.956131294339859,0.936601851972355
294,0.461470699988545,0.486871938175721,0.418660633213324,0.161935401851803,0,0,0,0.625146623735123,0.980455394802028,1.07390707878557,1.03224435231187
295,0,0,0,0,0,0,0,0.292813863136405,0.762630979406064,0.854161797315031,0.536187667494818
296,0.471764637821727,0.495709873683221,0.428295527083562,0.172804290454388,0,0,0,0.63308699020251,0.988603907581865,1.08043766176164,1.0386145125851
297,0.750759421624022,0.82871345493257,0.913649000009016,1.03129134282593,1.20905297571596,1.45658772846843,1.73171172421063,1.95632350924182,2.07712831440831,2.10649142883556,2.09076105178026
298,0.717551638391342,0.77190863235569,0.824546914984378,0.905369575307194,1.08219970221931,1.40108913914853,1.78544054330048,2.07082159584798,2.16529010125976,2.14133450618534,2.09731478380202
299,0.682916177092355,0.836666501252433,0.868891171876122,1.02590986807914,1.03254096905566,1.42127996802092,1.79299202677507,2.1130457693976,2.25644029274652,2.06697126948043,2.08361992508573
300,0.717483470853944,0.770926445259068,0.8222957992839,0.901408099506128,1.07780947477378,1.39933816032007,1.78787678620154,2.07519388857121,2.16823298154329,2.14242900015723,2.09770106208933
301,0,0,0,0,0,0,0,0.297556188026419,0.426218789726925,0.439753772791166,0.378755491700773
302,0,0,0,0,0,0,0,0.376634481547574,0.50159752162635,0.48395809928857,0.434114826929521
303,0,0,0,0,0,0,0,0,0,0,0
304,0,0,0,0,0,0,0,0.378398669799258,0.503133612392851,0.484403870838408,0.434671414211341
305,0,0,0,0,0,0,0.274770293982908,0.523331597171629,0.672786852880351,0.701206404219484,0.620974968814166
306,0,0,0,0,0,0,0.34939870293438,0.67560083019876,0.837048527925065,0.836611438788686,0.766908071983015
307,0,0,0,0,0,0,0,0.655875995482884,0.768898456914449,0.780658811058539,0.476020266798299
308,0,0,0,0,0,0,0.347066241569573,0.677519160586173,0.83943677051054,0.837677570719909,0.767236536915784
309,0,0,0,0,0,0,0,0,0,0,0
310,0,0,0,0,0,0,0,0,0.334324331196107,0.46666763509505,0.504042986265102
311,0,0,0,0,0,0,0,0,0,0,0
312,0,0,0,0,0,0,0,0,0.335194705696589,0.467535773658337,0.504759312919038
313,0,0,0,0,0.189860909206912,0.430266338880521,0.700788542556184,0.969794512722898,1.16934246699006,1.25371316469323,1.22568582345171
314,0,0,0,0,0,0.27053864188574,0.65116142017867,1.03523340800979,1.28032284250992,1.34360014415866,1.29938079614682
315,0,0,0,0,0,0,0,0.812687342716926,1.06563728420095,1.19701811390152,0.896974200707483
316,0,0,0,0,0,0.262731840264274,0.648185533869932,1.03666478216471,1.28296886503195,1.34522278677952,1.30027138371636
317,0,0,0,0,0,0,0,0.401879714001415,0.588336846081748,0.634118060018999,0.588550890792735
318,0,0,0,0,0,0,0,0.434475311038648,0.615387042086157,0.61843302068249,0.563658946310168
319,0,0,0,0,0,0,0,0,0,0,0
320,0,0,0,0,0,0,0,0.437685078076092,0.617703753720093,0.619411486441497,0.565062919728318
321,-0.873204151955229,-0.847052455870093,-0.823288435948501,-0.775483155271095,-0.636670230650047,-0.350635329162226,0,0.446027339431568,0.766766905868204,0.931330564027004,0.981666414214722
322,-0.885779343315457,-0.86127432929182,-0.869800709176475,-0.901113617820128,-0.827049480464818,-0.499843937618345,0,0.586038239656763,0.940193884754153,1.04303262023965,1.0320576816121
323,-0.982499160989053,-0.796535398405382,-0.731823550161707,-0.971834554789153,-0.72193755303661,-0.654791402358021,0,0.543507728855751,1.06969540356851,1.06592629431428,0.954038568981041
324,-0.886063915653464,-0.861642553191866,-0.871242368847609,-0.905618358058644,-0.834433156156215,-0.505745218829593,0,0.591011893773435,0.94556839677773,1.04594583473961,1.03318151914206
325,1.0869010426808,1.14843021809098,1.19927334510086,1.23929048680574,1.30157340561224,1.45074565386447,1.69462429879921,1.9395356339992,2.08552653423817,2.13169995897937,2.13471896561381
326,1.06241845396831,1.12113973730574,1.16552751817021,1.16339747480753,1.15900882898026,1.31750033115877,1.68223053343565,2.03715143771277,2.17887164616977,2.17174068684222,2.14595537295955
327,0.989858892920282,1.16646568473063,1.18949648051064,1.3440854169817,1.12045354990932,1.23975288037761,1.64301300192937,2.19463290561794,2.28176437285496,2.00661693488646,2.20117013589482
328,1.06219794267381,1.12070233069512,1.16476627772683,1.16099504612905,1.15380796151511,1.31251476648975,1.68199335301552,2.0408447839146,2.18192974153504,2.1729331499023,2.14637259309489
329,1.01613721774029,1.00664892852303,0.9989005399544,1.01021712418175,1.05400427876914,1.16513499440023,1.36891806724169,1.60923795440988,1.79363506047548,1.89648005894444,1.94426126664099
330,1.01234398124197,0.986828958826167,0.951922472934245,0.92310296645763,0.917109121394731,1.0187045634389,1.3091392365965,1.66144808812318,1.87594843722578,1.95127792261393,1.973357007867
331,1.0941269263373,0.98873399913327,0.934418678585363,0.989742758752626,1.07328193260643,0.926125227342821,1.19338679085077,1.90210707231806,1.8237490623012,1.94128489816792,2.02436771678886
332,1.0136732087059,0.987539573626875,0.951826607679419,0.921568381107764,0.913514137998458,1.01449709562178,1.30808288688876,1.66425355621842,1.87922711239077,1.95335230410829,1.97475818562833
333,0.422821044890857,0.510906878953206,0.555379206788377,0.544022253696045,0.525649917034635,0.615679255093387,0.859357560690969,1.15296962083148,1.3676472015686,1.47950732876892,1.52973346618627
334,0,0.19745171266548,0.269782701686822,0.134474197297613,0,0,0.517153333736265,1.07006519366181,1.35680142731923,1.44027341838546,1.4418742223061
335,0,0,0,0,0,0,0,1.0983624591111,1.02679054294628,1.11389901659317,1.25766338208264
336,0,0.196795171738814,0.268251593153695,0.128561869176128,0,0,0.510398094964717,1.07135054857398,1.35957128033937,1.44196173995203,1.44308261116881
337,-0.666336278626828,-0.725913798896101,-0.755515070275686,-0.787053120873664,-0.831881009695332,-0.819895309916824,-0.6515246675868,-0.342805944161214,0,0,0
338,-0.765276198686982,-0.787065971303453,-0.798822275807275,-0.838879737313961,-0.963014444240848,-1.03537719959147,-0.817846463236072,-0.375944180902986,0,0,0
339,-0.684579485501514,-0.680763862638656,-0.867228040892022,-0.645515234175018,-0.68443627492884,-1.22775783024301,-0.919388608057112,0,0,0,0
340,-0.765307111458064,-0.786857504991346,-0.798310856528506,-0.838736316377868,-0.966028703749176,-1.04174592786758,-0.821729878112444,-0.373563613401184,0,0,0
341,0,0,0,0,0,0,0,0.330744172751303,0.559122637145009,0.639406236975709,0.604631284162554
342,0,0,0,0,0,0,0,0.336345333142791,0.625200299830715,0.677888263528935,0.621676415115513
343,0,0,0,0,0,0,0,0,0,0,0
344,0,0,0,0,0,0,0,0.336379869768651,0.626958828947854,0.678600477340572,0.62196482371242
345,0,0,0,0.298347230429669,0.577008914244052,0.913391552954869,1.3073971352068,1.66252309140059,1.90359166597855,2.04130700135828,2.11184597826478
346,0,0,0,0,0.310889789098652,0.75153155196669,1.3080727632102,1.77177969328705,2.00974839382575,2.10282191417432,2.138472526994
347,0,0,0,0,0,0.322271746115446,1.22078740892606,1.86486645323095,1.74925227787239,2.05709855275239,2.10809332204396
348,0,0,0,0,0.313527207823778,0.753143400508046,1.31314439768276,1.77925217814121,2.01584066662385,2.10694078241768,2.14194312736891
349,0,0.177598109987752,0.28347755931502,0.355643834184926,0.437408253976745,0.599261213734864,0.874832560670923,1.17410415952527,1.37067471057779,1.43896703864575,1.42318851145941
350,0,0,0,0,0,0,0.529232996472546,1.08342263088572,1.34995332858863,1.38324865067563,1.32074407920665
351,0,0,0,0,0.342742975284519,0,0.539640695964927,1.38156615780686,1.44861436113101,1.3035347144194,1.37017601871744
352,0,0,0,0,0,0,0.543808497316821,1.09850852242436,1.36339003982116,1.39482534612843,1.33393157028088
353,0,0,0,0,0,0.426893239698263,0.847479937193808,1.16512590565624,1.29654781648528,1.25233996897126,1.09929949931827
354,0,0,0,0,0,0.470698434515433,1.02649519998652,1.4312684068292,1.51657347813846,1.38828871352458,1.23060685586995
355,0,0,0,0,0,0,0.806165827864502,1.32794236462712,1.57990320983211,1.14126147287963,0.801960254460916
356,0,0,0,0,0,0.47451700440671,1.03365789177619,1.44072911112455,1.52339661908339,1.39198267597217,1.23389438570835
357,0,0,0,0,0,0,0.390023921991494,0.721263623545818,0.993422912955109,1.21864514188185,1.38015790378074
358,0,0,0,0,0,0,0.456027058553742,0.838084473090756,1.1304155743082,1.36385625058346,1.53508319656998
359,0,0,0,0,0,0,0.516608075216981,1.00934011842437,0.893909472279147,1.37282097498546,1.8160334509397
360,0,0,0,0,0,0,0.457966023896761,0.841607130419151,1.13415001262885,1.36722489720698,1.53813200536077
361,0,0,0,0,0,0,0,0,0,0,0
362,0,0,0,0,0,0,0,0.12348969562113,0.298823923737771,0.372174750685412,0.308493663347884
363,0,0,0,0,0,0,0,0,0,0.347127504442379,0
364,0,0,0,0,0,0,0,0,0,0,0
365,0,0,0,0,0,0,0,0.234852816484467,0.334754922863547,0.23950781890692,0
366,0.286538054114139,0.379959121660454,0.386611706839261,0.243743107878837,0,0,0.298645021450699,0.617917072878765,0.715596092337011,0.62658711047748,0.481155930880897
367,0,0,0,0,0,0,0,0,0,0,0
368,0.287170904984513,0.38031869008065,0.386901055387983,0.241379487597357,0,0,0.295010165311189,0.619629768497617,0.717621842188367,0.627032345338706,0.481080818356716
369,0,0,0,0.175305794290895,0.419697746946695,0.749222266986903,1.13993764178177,1.49184501237993,1.71242112834033,1.79407815658996,1.77827348923518
370,0,0,0,0,0,0.450928665590917,1.06769310161967,1.57491055002313,1.81281384395701,1.84621832095612,1.80083155851668
371,0,0,0,0,0,0,1.06590855866288,1.48733721585869,1.86079077734527,1.63432597305249,1.71101328256698
372,0,0,0,0,0,0.461381274611448,1.07871073505233,1.58733983739796,1.82337099713973,1.85450120367451,1.80959190283409
373,0,0,0,0,0,0,0.52133420227936,1.05052857780668,1.45966644224751,1.69720699017358,1.78822891475828
374,0,0,0,0,0,0,0.339414052122067,1.1274188039722,1.62460042604462,1.82667428227896,1.8673427287564
375,0,0,0,0,0,0,0,1.15373154147355,1.7364474676767,1.75969552753684,1.89195168508592
376,0,0,0,0,0,0,0.33385349838296,1.13060491261233,1.62988797058476,1.83018259070949,1.86935970458985
377,-0.62236357877363,-0.637105010416589,-0.642107528411393,-0.641529363207097,-0.60148098877068,-0.481474760026918,-0.273256626942158,0,0,0,0
378,-0.49896281516242,-0.521774330016512,-0.526351069223537,-0.554794058736688,-0.549049548742004,-0.38699582753502,0,0,0,0,0
379,0,0,0,0,0,0,0,0,0,0,0
380,-0.499630305808257,-0.521769400269936,-0.525879673765027,-0.554978848740107,-0.550566673396804,-0.387637407956838,0,0,0,0,0
381,0,0,0,0,0,0,0,0.489834029835825,0.780434006165472,0.942037415839428,0.997197734044733
382,0,0,0,0,0,0,0,0.538969789625851,0.876208249891737,1.02106366277376,1.06286901720606
383,0,0,0,0,0,0,0,0.441023181739094,0.581360991142089,0.952341140979158,1.01599528740075
384,0,0,0,0,0,0,0,0.540786562186294,0.879097830206473,1.02304102906506,1.06439500337728
385,0,0,0,0,0,0.252514357705347,0.498332950032715,0.74882862173339,0.978592875035219,1.13104476119401,1.18535292022263
386,0,0,0,0,0,0,0.334181743628976,0.706767921008198,1.02354482308725,1.18978978432641,1.22883482970113
387,0,0,0,0,0,0,0,0,0.900718617099275,0.846791027712692,0.991905200105673
388,0,0,0,0,0,0,0.329997422591052,0.706434686213167,1.02553914867478,1.19175279478045,1.23042656898191
389,0,0,0,0,0,0,0,0,0,0,0
390,0,0,0,0,0,0,0,0,0,0,0
391,0,0,0,0,0,0,0,0,0,0,0.134569793431061
392,0,0,0,0,0,0,0,0,0,0,0
393,-0.954947424043638,-0.933543503902547,-0.830079993760351,-0.649457783006835,-0.39587022420395,0,0,0.302052265457085,0.605942016305748,0.721568386452103,0.698159567818421
395,-0.519060763904312,-0.649877057738006,-0.441557321765702,0,0,0,0,0,0.364936778263822,0.412939132027876,0
397,0,0,0,0,0,0,0.288919072884894,0.661972727101073,0.902338071685462,1.03740250748764,1.07930185071381
